fit_rank,current_rank,uid,name,alliance,hero_power,season_points,participation_share,performance_index,performance_tier,fit_score,kills,destination,selection,reason
102,,1321771939001585,Dolphy McFly RN,NvSP,132684351,2161863,,,,,,NvEM,,Not selected in the first 100
103,,1330032235001616,ᔕEᗩᗷEE133,NvSP,131727419,2405307,,,,,,NvEM,,Not selected in the first 100
104,,2320763262001633,Hvyyyy,NvSP,129389288,2662848,,,,,,NvEM,,Not selected in the first 100
106,,1120229116001616,DrizzZt x Sash,NvSP,132026615,1646118,,,,,,NvEM,,Not selected in the first 100
109,,1429809136001590,ĐạiKa BánhĐậu,NvSP,127593944,3204159,,,,,,NvEM,,Not selected in the first 100
111,,1885082726001616,땡 구 ttang goo,NvSP,125835945,4229643,,,,,,NvEM,,Not selected in the first 100
112,,1341162034001609,Lửng Mật Baby,NvSP,125682146,3955572,,,,,,NvEM,,Not selected in the first 100
114,,1905247069001616,Sy4114,NvSP,127650739,2088366,,,,,,NvEM,,Not selected in the first 100
120,,1048971096001613,Fee2,NvSP,128468372,951315,,,,,,NvEM,,Not selected in the first 100
135,,1423392970001616,Byakuya70,NvSP,126709173,44607,,,,,,NvEM,,Not selected in the first 100
138,,1413312369001615,Thúy Loan,NvSP,121625169,2479878,,,,,,NvEM,,Not selected in the first 100
141,,1627872575001616,Sämanta,NvSP,123436172,1944999,,,,,,NvEM,,Not selected in the first 100
142,,1340362067001616,Helmsman2,NvSP,122365595,2267565,,,,,,NvEM,,Not selected in the first 100
143,,1047057413001616,KatatonikJR,NvSP,124987133,867048,,,,,,NvEM,,Not selected in the first 100
149,,1563567510001615,Stüart,NvSP,122260090,1479456,,,,,,NvEM,,Not selected in the first 100
157,,1042381848001616,EE2079,NvSP,121053927,527217,,,,,,NvEM,,Not selected in the first 100
162,,1067611212001616,Pappajay,NvSP,117291007,1522563,,,,,,NvEM,,Not selected in the first 100
165,,1796830622001616,Arctic Beast,NvSP,116620048,1083204,,,,,,NvEM,,Not selected in the first 100
168,,1625986196001588,I Bewl I,NvSP,117524073,18102,,,,,,NvEM,,Not selected in the first 100
169,,1605093016001634,Risbo59,NvSP,116423333,219993,,,,,,NvEM,,Not selected in the first 100
,,1306259468001616,5  Star,NvSP,90801154,1415757,,,,,,WaE / reserve — confirm available seats,,Does not meet the historical THP-growth requirement
,,1638813065001615,A Alone,NvSP,0,951777,,,,,,WaE / reserve — confirm available seats,,Does not meet the historical THP-growth requirement
,,1008438284001616,Aggiesquirrelgirl08,NvSP,117325500,,,,,,,WaE / reserve — confirm available seats,,No associated points
,,,ChichiWanga,NvSP,,515973,,,,,,WaE / reserve — confirm available seats,,Unresolved UID; eligibility and THP not verified
,,1215468194001613,Doc BadBird,NvSP,0,8118,,,,,,WaE / reserve — confirm available seats,,Does not meet the historical THP-growth requirement
,,,GENERAL MITCH,NvSP,,607404,,,,,,WaE / reserve — confirm available seats,,Unresolved UID; eligibility and THP not verified
,,1058396338001616,HappyJann,NvSP,0,415257,,,,,,WaE / reserve — confirm available seats,,Does not meet the historical THP-growth requirement
,,1321379795001616,MeechNdDem,NvSP,0,382863,,,,,,WaE / reserve — confirm available seats,,Does not meet the historical THP-growth requirement
,,1206897745001613,Melanieb,NvSP,0,1311912,,,,,,WaE / reserve — confirm available seats,,Does not meet the historical THP-growth requirement
,,1279902133001616,Missunderstood863,NvSP,0,206541,,,,,,WaE / reserve — confirm available seats,,Does not meet the historical THP-growth requirement
,,1748788817001604,NikkiH86,NvSP,92656270,2566098,,,,,,WaE / reserve — confirm available seats,,Does not meet the historical THP-growth requirement
,,1577973763001608,OysterToe,NvSP,92614972,979620,,,,,,WaE / reserve — confirm available seats,,Does not meet the historical THP-growth requirement
,,1509817109001616,Pip 1620,NvSP,93806637,515004,,,,,,WaE / reserve — confirm available seats,,Does not meet the historical THP-growth requirement
,,1035094860001616,SunnyIAAAGas,NvSP,109632620,,,,,,,WaE / reserve — confirm available seats,,No associated points
,,1397540784001616,WittySaucer0519,NvSP,0,,,,,,,WaE / reserve — confirm available seats,,Does not meet the historical THP-growth requirement
,,1378050933001633,დ mun ღ,NvSP,93483574,1545351,,,,,,WaE / reserve — confirm available seats,,Does not meet the historical THP-growth requirement
