fit_rank,current_rank,uid,name,alliance,hero_power,season_points,participation_share,performance_index,performance_tier,fit_score,kills
101,119,1242476032001614,BenjaminButtons,WaE,128860050,4287477,0.22099459423086526,55.357142857142854,Medium,42.857142857142854,
102,96,1321771939001585,Dolphy McFly RN,NvSP,132684351,2161863,0.11143151006237959,30.952380952380953,Low,42.61904761904762,6581899
103,104,1330032235001616,ᔕEᗩᗷEE133,NvSP,131727419,2405307,0.12397963755039614,35.714285714285715,Medium,41.547619047619044,6404503
104,117,2320763262001633,Hvyyyy,NvSP,129389288,2662848,0.1372543836989612,40.476190476190474,Medium,39.226190476190474,5222424
105,165,1192415363001616,무풍 풍무 Wind,NvEM,122393785,23446401,1.2085261040861917,88.69047619047619,High,39.10714285714286,11280263
106,101,1120229116001616,DrizzZt x Sash,NvSP,132026615,1646118,0.0848478439572092,24.404761904761905,Low,38.98809523809524,
107,82,1381519892001616,WHG5885,NvEM,136709434,12078,0.0006225509102720296,0.5952380952380952,Low,38.92857142857142,
108,126,1613435710001598,Neoleinad,WaE,127318588,3374109,0.17391576662585256,47.023809523809526,Medium,38.273809523809526,
109,125,1429809136001590,ĐạiKa BánhĐậu,NvSP,127593944,3204159,0.16515582895399206,44.04761904761905,Medium,37.79761904761905,3389121
110,99,1407526068001598,Trailbossed,WaE,132098280,988155,0.050933664078478005,16.071428571428573,Low,37.32142857142857,
111,140,1885082726001616,땡 구 ttang goo,NvSP,125835945,4229643,0.21801358666796802,54.166666666666664,Medium,37.08333333333333,5433747
112,142,1341162034001609,Lửng Mật Baby,NvSP,125682146,3955572,0.20388681480762977,51.785714285714285,Medium,35.535714285714285,
113,133,1227200208001616,Dedicated2USA,WaE,126638495,3007797,0.15503450573468122,42.857142857142854,Medium,34.94047619047619,4757026
114,124,1905247069001616,Sy4114,NvSP,127650739,2088366,0.10764316561360798,29.166666666666668,Low,33.75,6403487
115,102,1265105587001633,chupa chups୨ৎ,WaE,132008474,108804,0.005608215701377538,4.166666666666667,Low,32.5,4756703
116,105,1369246969001579,BoneCrusher25,WaE,131506320,167751,0.008646591964650044,5.357142857142857,Low,32.02380952380952,
117,150,1451145831001604,DrubOii,NvEM,124567086,3649650,0.18811830846781857,50.0,Medium,31.666666666666668,3318212
118,193,1885451739001616,JHOW HAYALLA,NvEM,118233072,24339981,1.2545849749589257,89.28571428571429,High,30.952380952380956,39042489
119,146,1349768759001600,Flamed God,WaE,125007072,2865834,0.14771713573344358,41.666666666666664,Medium,30.83333333333333,
120,120,1048971096001613,Fee2,NvSP,128468372,951315,0.04903477555931742,15.476190476190476,Low,30.476190476190474,3143633
121,130,1504375285001614,K I N G J Sr,WaE,126816011,1495920,0.07710600742624064,22.023809523809526,Low,29.94047619047619,
122,179,1597041510001579,MusEk,NvEM,120726091,8768592,0.45197010526610665,72.02380952380952,High,29.94047619047619,5756527
123,113,1207756919001614,Abednego1021,WaE,130238238,57120,0.002944205000392311,2.380952380952381,Low,28.63095238095238,
124,173,2010812067001578,KillerBeto,NvEM,121501977,4597125,0.23695515427921046,60.11904761904762,Medium,28.45238095238095,
125,174,1260424862001616,BelzBomber EPU,NvEM,121494202,4442004,0.22895956562609673,58.333333333333336,Medium,27.5,
126,151,1287134871001616,niteshzz,NvEM,124548492,2389551,0.12316750705343919,35.11904761904762,Medium,26.785714285714285,
127,144,1411663768001614,PDonut,WaE,125378438,1760571,0.09074723287369907,25.0,Low,26.666666666666664,
128,188,1011363977001617,al7akeem,WaE,119003879,5834763,0.30074822130084106,64.88095238095238,Medium,25.71428571428571,19236102
129,163,1527974331001589,Darth ȺИƱ฿łϟ,NvEM,122547550,2999577,0.15461081236802812,42.26190476190476,Medium,25.595238095238095,
130,159,1419254756001616,SammyFox,NvEM,123318308,2461443,0.12687312305288254,38.095238095238095,Medium,25.178571428571427,
131,138,1604907890001614,Reepercussions,WaE,126142460,780447,0.040227520307093444,12.5,Low,25.0,
132,189,1004792597001616,SilverFox NVEM,NvEM,118861251,4707831,0.24266140705885736,60.714285714285715,Medium,24.047619047619047,
133,145,1042360292001616,Mr Brutus,NvEM,125255365,1119354,0.05769621225506188,17.261904761904763,Low,23.928571428571423,9754862
134,184,1466007040001616,BADAinfluence,NvEM,119400831,4296732,0.2214716358498889,55.95238095238095,Medium,23.869047619047617,
135,131,1423392970001616,Byakuya70,NvSP,126709173,44607,0.0022992323608630916,1.7857142857142858,Low,23.452380952380953,
136,161,1024662668001614,roguelord,WaE,123188280,2246529,0.11579555173890646,32.73809523809524,Low,23.154761904761905,
137,143,1242576649001616,Killer 동백,NvEM,125466592,695430,0.03584538661454525,11.30952380952381,Low,22.976190476190474,
138,170,1413312369001615,Thúy Loan,NvSP,121625169,2479878,0.12782334047554067,38.69047619047619,Medium,22.857142857142854,
139,155,1135325918001614,Dr Gravy,WaE,123868653,1827645,0.0942045088925421,25.595238095238095,Low,22.678571428571427,
140,149,1362839911001614,Fuktavious,WaE,124700514,1165668,0.06008343057418249,18.452380952380953,Low,22.619047619047617,
141,158,1627872575001616,Sämanta,NvSP,123436172,1944999,0.10025342754828508,27.38095238095238,Low,22.38095238095238,4403317
142,166,1340362067001616,Helmsman2,NvSP,122365595,2267565,0.11687983563926103,33.333333333333336,Medium,22.083333333333336,
143,147,1047057413001616,KatatonikJR,NvSP,124987133,867048,0.04469130002066093,13.69047619047619,Low,22.023809523809522,6414479
144,141,1469969827001614,Goth Queen of Ruin,WaE,125816239,162354,0.00836840788924533,4.761904761904762,Low,21.845238095238095,
145,135,1080328001001614,Extensive Fish,WaE,126379406,360,1.8555913868018766e-05,0.0,Low,21.666666666666664,6536143
146,192,1278646184001616,TBONE51,NvEM,118268125,3813048,0.19654052850728115,50.595238095238095,Medium,19.76190476190476,
147,148,1472426242001620,HP PIPAS,NvEM,124792023,322992,0.016648365922386436,7.142857142857143,Low,19.642857142857142,5235584
148,156,1654567179001616,Thor7871,NvEM,123757680,744915,0.03839605160831999,11.904761904761905,Low,18.154761904761905,
149,169,1563567510001615,Stüart,NvSP,122260090,1479456,0.07625738363200991,21.428571428571427,Low,18.095238095238095,4203840
150,176,1456985568001616,OrangeJuices,WaE,121057017,1989918,0.10256874170116713,27.976190476190474,Low,17.55952380952381,
151,181,1465414269001614,Ldarnell,WaE,120544282,2114844,0.10900795307860077,30.357142857142858,Low,17.023809523809526,
152,153,1070545023001616,Wyatt100,NvEM,124060983,80871,0.0041684314178348485,3.5714285714285716,Low,16.904761904761905,
153,171,1490974721001614,ScaryLarry12,WaE,121618158,1399191,0.07212018800251957,20.238095238095237,Low,16.904761904761905,
154,175,1931404412001616,Buff Benwin,NvEM,121296512,1173339,0.06047882617218686,19.047619047619047,Low,15.297619047619047,
155,201,1927949602001616,JonnyBoy0815,NvEM,117505807,2349489,0.12110254310515983,34.523809523809526,Medium,12.023809523809524,
156,182,1453578286001614,ACETHEMAINMAN,WaE,120264796,948270,0.04887782345451709,14.880952380952381,Low,11.964285714285714,
157,177,1042381848001616,EE2079,NvSP,121053927,527217,0.027174981227097914,9.523809523809524,Low,11.607142857142858,
158,199,1480956638001616,Rusty Shackleford TX,NvEM,117697141,1904265,0.09815382589411877,26.785714285714285,Low,10.535714285714285,
159,185,1707305850001614,Mr  Grinch,WaE,119381282,657411,0.033885727477466904,10.714285714285714,Low,9.88095238095238,
160,190,1197592425001614,Golden 13,WaE,118419522,831039,0.04283524473601235,13.095238095238095,Low,9.345238095238095,
161,195,1653286383001608,TXTequila,WaE,118043275,1126128,0.05804537270101177,17.857142857142858,Low,9.107142857142856,
162,203,1067611212001616,Pappajay,NvSP,117291007,1522563,0.0784792996850896,22.61904761904762,Low,8.035714285714285,
163,198,1664852114001614,AmandaPorFavor,WaE,117811590,622665,0.03209477252397196,10.119047619047619,Low,5.9523809523809526,
164,191,1237364081001616,PETORlA,NvEM,118327634,68970,0.0035550038318812615,2.9761904761904763,Low,5.892857142857143,
165,204,1796830622001616,Arctic Beast,NvSP,116620048,1083204,0.05583288923748166,16.666666666666668,Low,5.833333333333333,3426437
166,196,1597220808001614,50 Shades Of Grandma,WaE,117901222,380982,0.019637414381293124,7.738095238095238,Low,5.654761904761904,
167,211,1297744760001616,KillerT3rdFerguson,NvEM,106055399,432693,0.022302816775818454,8.333333333333334,Low,2.5,
168,200,1625986196001588,I Bewl I,NvSP,117524073,18102,0.0009330532023302102,1.1904761904761905,Low,2.4404761904761907,3634228
169,206,1605093016001634,Risbo59,NvSP,116423333,219993,0.0113393643321307,5.9523809523809526,Low,2.2023809523809526,
